taxa_raw,taxa_trimmed,taxa_replacement,taxa_removed,taxa_clean,rank,authority,authority_id,score,difference
Monoptilon bellioides,,,,,,,,,
Poa annua,,,,,,,,,
Linanthus bigelovii,,,,,,,,,
Salsola tragus,,,,,,,,,
Pectocarya,,,,,,,,,
Plagiobothrys arizonicus,,,,,,,,,
Conyza bonariensis,,,,,,,,,
Parietaria hespera,,,,,,,,,
Perityle emoryi,,,,,,,,,
Pectocarya recurvata,,,,,,,,,
Veronica peregrina,,,,,,,,,
Medicago,,,,,,,,,
Phacelia cryptantha,,,,,,,,,
Plantago patagonica,,,,,,,,,
Phacelia crenulata,,,,,,,,,
Sonchus asper,,,,,,,,,
Spergularia salina var salina,,,,,,,,,
Leucophyllum candidum,,,,,,,,,
Capsella bursa-pastoris,,,,,,,,,
Aster,,,,,,,,,
Verbesina encelioides,,,,,,,,,
Lactuca serriola,,,,,,,,,
Cyperus acuminatus,,,,,,,,,
Brassica oleracea,,,,,,,,,
Cynodon dactylon,,,,,,,,,
Brachychiton populneum,,,,,,,,,
Lepidium,,,,,,,,,
Schismus arabicus,,,,,,,,,
Eschscholzia californica,,,,,,,,,
Pennisetum setaceum,,,,,,,,,
Dichondra micrantha,,,,,,,,,
Rafinesquia neomexicana,,,,,,,,,
Bromus rubens,,,,,,,,,
Atriplex,,,,,,,,,
Phacelia distans,,,,,,,,,
Hordeum murinum,,,,,,,,,
Uropappus lindleyi,,,,,,,,,
Cryptantha maritima,,,,,,,,,
Schismus,,,,,,,,,
Vulpia octoflora,,,,,,,,,
Herniaria hirsuta,,,,,,,,,
Sphaeralcea coulteri,,,,,,,,,
Lepidium lasiocarpum,,,,,,,,,
unknown,,,,,,,,,
Astragalus,,,,,,,,,
Claytonia perfoliata ssp. mexicana (Rydb.) Miller & Chambers,,,,,,,,,
Baileya multiradiata,,,,,,,,,
Erodium cicutarium,,,,,,,,,
Plantago ovata,,,,,,,,,
Rhus lancea,,,,,,,,,
Oxalis albicans,,,,,,,,,
Cyperus,,,,,,,,,
Sisymbrium irio,,,,,,,,,
Eragrostis cilianensis,,,,,,,,,
Pennisetum ciliare,,,,,,,,,
Sorghum halepense,,,,,,,,,
Aristida adscensionis,,,,,,,,,
Oncosiphon pilulifer,,,,,,,,,
Schismus barbatus,,,,,,,,,
Boerhavia coccinea,,,,,,,,,
Amsinckia menziesii,,,,,,,,,
Cyperaceae,,,,,,,,,
Amsinckia intermedia,,,,,,,,,
Erodium texanum,,,,,,,,,
Eragrostis mexicana,,,,,,,,,
Funastrum cynanchoides,,,,,,,,,
Phacelia,,,,,,,,,
Avena fatua,,,,,,,,,
Lotus salsuginosus,,,,,,,,,
Camissonia californica,,,,,,,,,
Lotus tomentellus,,,,,,,,,
Portulaca oleracea,,,,,,,,,
Eucrypta chrysanthemifolia,,,,,,,,,
Brassica tournefortii,,,,,,,,,
Bowlesia incana,,,,,,,,,
Tomostima cuneifolia,,,,,,,,,
Loeflingia squarrosa,,,,,,,,,
Eriogonum deflexum,,,,,,,,,
Caulanthus lasiophyllus,,,,,,,,,
Astragalus nuttallianus,,,,,,,,,
Pectocarya platycarpa,,,,,,,,,
Calendula,,,,,,,,,
Pectocarya anisacarpa,,,,,,,,,
Sonchus oleraceus,,,,,,,,,
Conyza canadensis,,,,,,,,,
Pectis papposa,,,,,,,,,
Lupinus sparsiflorus,,,,,,,,,
Lesquerella gordonii,,,,,,,,,
Chamaesyce maculata,,,,,,,,,
Polygonum,,,,,,,,,
Phacelia ambigua,,,,,,,,,
Pleuraphis rigida,,,,,,,,,
Chamaesyce prostrata,,,,,,,,,
Oenothera albicaulis,,,,,,,,,
Cryptantha,,,,,,,,,
Dichelostemma pulchellum,,,,,,,,,
Erigeron lobatus,,,,,,,,,
Janusia gracilis,,,,,,,,,
Malva parviflora,,,,,,,,,
Chamaesyce polycarpa,,,,,,,,,
Amsinckia tessellata,,,,,,,,,
Mirabilis bigelovii,,,,,,,,,
Poa bigelovii,,,,,,,,,
Atriplex elegans,,,,,,,,,
Sphaeralcea ambigua,,,,,,,,,
Descurainia pinnata,,,,,,,,,
Poaceae,,,,,,,,,
Oxalis corniculata,,,,,,,,,
Aristida,,,,,,,,,
Phalaris minor,,,,,,,,,
Amaranthus blitoides,,,,,,,,,
Daucus carota,,,,,,,,,
Silene antirrhina,,,,,,,,,
Chaenactis stevioides,,,,,,,,,
Arecaceae,,,,,,,,,
Erigeron canadensis,,,,,,,,,
Amaranthaceae,,,,,,,,,
Hordeum pusillum,,,,,,,,,
Chenopodium berlandieri,,,,,,,,,
Aristida purpurea,,,,,,,,,
Sonchus,,,,,,,,,
Taraxacum officinale,,,,,,,,,
Chamaesyce micromera,,,,,,,,,
Chorizanthe rigida,,,,,,,,,
Crassula connata,,,,,,,,,
Filago californica,,,,,,,,,
Helianthus annuus,,,,,,,,,
Anagallis arvensis,,,,,,,,,
Chamaesyce,,,,,,,,,
Tribulus terrestris,,,,,,,,,
Matthiola parviflora,,,,,,,,,
Camissonia chamaenerioides,,,,,,,,,
Draba cuneifolia,,,,,,,,,
Dasyochloa pulchella,,,,,,,,,
Apiaceae,,,,,,,,,
Aristida wrightii,,,,,,,,,
Myoporum parvifolium,,,,,,,,,
Dichelostemma capitatum,,,,,,,,,
Euphorbia,,,,,,,,,
Amaranthus graecizans,,,,,,,,,
Daucus pusillus,,,,,,,,,
Rumex,,,,,,,,,
Sphenopholis obtusata,,,,,,,,,
Nicotiana obtusifolia,,,,,,,,,
Camissonia claviformis,,,,,,,,,
Asteraceae,,,,,,,,,
Cotula australis,,,,,,,,,
Chenopodium murale,,,,,,,,,
Leptochloa fusca ssp. Uninervia,,,,,,,,,
Amaranthus albus,,,,,,,,,
Stellaria media,,,,,,,,,
Torilis nodosa,,,,,,,,,
Lesquerella tenella,,,,,,,,,
Eclipta prostrata,,,,,,,,,
Amsinckia,,,,,,,,,
Melilotus indicus,,,,,,,,,
Filago arizonica,,,,,,,,,
Hymenoxys odorata,,,,,,,,,
Eriogonum,,,,,,,,,
Monolepis nuttalliana,,,,,,,,,
Lepidium virginicum,,,,,,,,,
Conyza,,,,,,,,,
Lotus strigosus,,,,,,,,,
Chamaesyce albomarginata,,,,,,,,,
Notholaena standleyi,,,,,,,,,
Eriastrum diffusum,,,,,,,,,
Plantago,,,,,,,,,
Pectocarya heterocarpa,,,,,,,,,
Vulpia microstachys,,,,,,,,,
Eriophyllum lanosum,,,,,,,,,
Eriogonum thomasii,,,,,,,,,
Cryptantha muricata,,,,,,,,,
Melilotus,,,,,,,,,
Filago,,,,,,,,,
Nama hispidum,,,,,,,,,
Antirrhinum,,,,,,,,,
Stylocline micropoides,,,,,,,,,
Amaranthus,,,,,,,,,
Eucrypta micrantha,,,,,,,,,
Eriogonum inflatum,,,,,,,,,
Boerhavia coulteri,,,,,,,,,
Draba nemorosa,,,,,,,,,
Senna covesii,,,,,,,,,
Medicago lupulina,,,,,,,,,
Plantae,,,,,,,,,
Oxalis,,,,,,,,,
Convolvulus arvensis,,,,,,,,,
Mentzelia involucrata,,,,,,,,,
Lobularia maritima Snow Crystals,,,,,,,,,
Solanum,,,,,,,,,
Gilia flavocincta,,,,,,,,,
Argythamnia neomexicana,,,,,,,,,
Castilleja exserta,,,,,,,,,
Lasthenia californica,,,,,,,,,
Cryptantha decipiens,,,,,,,,,
Adenophyllum porophylloides,,,,,,,,,
Carissa macrocarpa,,,,,,,,,
Argythamnia,,,,,,,,,
Salvia columbariae,,,,,,,,,
Laennecia coulteri,,,,,,,,,
Prosopis velutina,,,,,,,,,
Calandrinia ciliata,,,,,,,,,
Minuartia douglasii,,,,,,,,,
Hordeum,,,,,,,,,
Pholistoma auritum,,,,,,,,,
Juniperus chinensis,,,,,,,,,
Chenopodiaceae,,,,,,,,,
Morus alba,,,,,,,,,
Cenchrus ciliaris,,,,,,,,,
Boerhavia,,,,,,,,,
Chorizanthe brevicornu,,,,,,,,,
Baccharis sarothroides,,,,,,,,,
Senna artemisioides ssp. filifolia Randall,,,,,,,,,
Muhlenbergia microsperma,,,,,,,,,
Physalis crassifolia,,,,,,,,,
Lactuca,,,,,,,,,
Phacelia affinis,,,,,,,,,
Echinocactus emoryi,,,,,,,,,
Ciclospermum leptophyllum,,,,,,,,,
Pelargonium x hortorum,,,,,,,,,
Chenopodium desiccatum,,,,,,,,,
Papaver,,,,,,,,,
Chenopodium,,,,,,,,,
Orobanche cooperi,,,,,,,,,
Carlowrightia arizonica,,,,,,,,,
Eriochloa acuminata,,,,,,,,,
Prosopis juliflora var. velutina,,,,,,,,,
Medicago polymorpha,,,,,,,,,
Lantana,,,,,,,,,
Senecio vulgaris,,,,,,,,,
Salsola,,,,,,,,,
Cryptantha barbigera,,,,,,,,,
Lepidium medium,,,,,,,,,
Prosopis alba,,,,,,,,,
Bromus catharticus,,,,,,,,,
Cryptantha pterocarya,,,,,,,,,
Euphorbia supina,,,,,,,,,
Lotus humistratus,,,,,,,,,
Malacothrix glabrata,,,,,,,,,
Cyclospermum leptophyllum,,,,,,,,,
Eriophyllum pringlei,,,,,,,,,
Ipomoea,,,,,,,,,
Spergularia salina,,,,,,,,,
Chaenactis carphoclinia,,,,,,,,,
Lupinus,,,,,,,,,
Solanum elaeagnifolium,,,,,,,,,
Cirsium neomexicanum,,,,,,,,,
Datura discolor,,,,,,,,,
Cryptantha angustifolia,,,,,,,,,
Chamaesyce melanadenia,,,,,,,,,
Lupinus arizonicus,,,,,,,,,
Allium,,,,,,,,,
Euphorbiaceae,,,,,,,,,
Pectocarya setosa,,,,,,,,,
Poa,,,,,,,,,
Polygonum aviculare,,,,,,,,,
Oenothera curtiflora,,,,,,,,,
Eucrypta,,,,,,,,,
Echinochloa colona,,,,,,,,,
Lolium,,,,,,,,,
Heliomeris longifolia var. annua (M. E. Jones) Yates,,,,,,,,,
Camissonia,,,,,,,,,
Bromus arizonicus,,,,,,,,,
Asparagus officinalis,,,,,,,,,
Vigna caracalla,,,,,,,,,
Thysanocarpus curvipes,,,,,,,,,
Zoysia japonica,,,,,,,,,
Brassica,,,,,,,,,
Bromus,,,,,,,,,
Plantago rhodosperma,,,,,,,,,
Lepidium didymum,,,,,,,,,
Aloe barbadensis,,,,,,,,,
Argythamnia lanceolata,,,,,,,,,
Cheilanthes parryi,,,,,,,,,
Boerhavia intermedia,,,,,,,,,
Zea mays,,,,,,,,,
Delphinium parishii,,,,,,,,,
Acourtia wrightii,,,,,,,,,
Sphaeralcea,,,,,,,,,
Dichondra,,,,,,,,,
Eriastrum,,,,,,,,,
Triticum aestivum,,,,,,,,,
Linanthus,,,,,,,,,
Anethum graveolens,,,,,,,,,
Setaria pumila,,,,,,,,,
Baccharis emoryi,,,,,,,,,
Hoffmannseggia densiflora,,,,,,,,,
Euphorbia capitellata,,,,,,,,,
Polemoniaceae,,,,,,,,,
Abutilon incanum,,,,,,,,,
Medicago sativa,,,,,,,,,
Gilia stellata,,,,,,,,,
Thymophylla pentachaeta,,,,,,,,,
Centaurea solstitialis,,,,,,,,,
Hilaria,,,,,,,,,
Alcea rosea,,,,,,,,,
Euphorbia prostrata,,,,,,,,,
Lamium amplexicaule,,,,,,,,,
Tiquilia plicata,,,,,,,,,
Glandularia pulchella,,,,,,,,,
Chaenactis fremontii,,,,,,,,,
Cyperus rotundus,,,,,,,,,
Mentha spicata,,,,,,,,,
Artemesia stelleriana,,,,,,,,,
Rumex crispus,,,,,,,,,
Bouteloua barbata,,,,,,,,,
Sphaeralcea emoryi,,,,,,,,,
Dimorphotheca sinuata,,,,,,,,,
Gilia,,,,,,,,,
Veronica anagallis-aquatica,,,,,,,,,
Leptochloa uninervia,,,,,,,,,
Ledpidium,,,,,,,,,
Baileya,,,,,,,,,
Centaurea melitensis,,,,,,,,,
Harpagonella palmeri,,,,,,,,,
Tragopogon,,,,,,,,,
Amaranthus retroflexus,,,,,,,,,
Capsicum annuum,,,,,,,,,
Hoffmannseggia glauca,,,,,,,,,
Layia glandulosa,,,,,,,,,
Lupinus concinnus,,,,,,,,,
Brandegea bigelovii,,,,,,,,,
Solanum tuberosum,,,,,,,,,
Calochortus kennedyi,,,,,,,,,
Xanthisma spinulosum,,,,,,,,,
Dalea mollis,,,,,,,,,
Lythrum hyssopifolia,,,,,,,,,
Cosmos sulphureus,,,,,,,,,
Penstemon,,,,,,,,,
Marina parryi,,,,,,,,,
Eriogonum palmerianum,,,,,,,,,
Dalea mollissima,,,,,,,,,
Logfia depressa,,,,,,,,,
Veronica arvensis,,,,,,,,,
Eschscholzia,,,,,,,,,
Cryptantha micrantha,,,,,,,,,
Stephanomeria pauciflora,,,,,,,,,
Cuscuta,,,,,,,,,
Ruellia peninsularis,,,,,,,,,
Viola,,,,,,,,,
Eleusine indica,,,,,,,,,
Washingtonia filifera var. robusta,,,,,,,,,
Chenopodium album,,,,,,,,,
Photinia x fraseri,,,,,,,,,
Malva,,,,,,,,,
Astragalus didymocarpus,,,,,,,,,
Hibiscus,,,,,,,,,
Brassica nigra,,,,,,,,,
Boraginaceae,,,,,,,,,
Eriastrum eremicum,,,,,,,,,
Allionia incarnata,,,,,,,,,
Chamaesyce serrula,,,,,,,,,
Brickellia coulteri,,,,,,,,,
Chaenostoma cordatum,,,,,,,,,
Canotia holacantha,,,,,,,,,
Malva neglecta,,,,,,,,,
Cynodon,,,,,,,,,
Modiola caroliniana,,,,,,,,,
Matthiola,,,,,,,,,
Dalea,,,,,,,,,
Astrolepis cochisensis ssp. arizonica Benham,,,,,,,,,
Hydrophyllaceae,,,,,,,,,
Kalanchoe,,,,,,,,,
Lotus,,,,,,,,,
Origanum,,,,,,,,,
Nemacladus glanduliferus,,,,,,,,,
Setaria,,,,,,,,,
Delphinium,,,,,,,,,
Pseudorontium cyathiferum,,,,,,,,,
Pseudognaphalium,,,,,,,,,
Oligomeris linifolia,,,,,,,,,
Allionia choisyi,,,,,,,,,
Ebenopsis ebano,,,,,,,,,
Hilaria rigida,,,,,,,,,
Ditaxis neomexicana,,,,,,,,,
Eragrostis pectinacea,,,,,,,,,
Taraxacum,,,,,,,,,
Antirrhinum majus,,,,,,,,,
Selaginella arizonica,,,,,,,,,
Linanthus demissus,,,,,,,,,
Prosopis juliflora,,,,,,,,,
Jasminum mesnyi,,,,,,,,,
Chamaesyce hyssopifolia,,,,,,,,,
Polypogon monspeliensis,,,,,,,,,
Baccharis salicifolia,,,,,,,,,
Polygonum argyrocoleon,,,,,,,,,
Fabaceae,,,,,,,,,
Mirabilis laevis var. villosa,,,,,,,,,
Trifolium mucronatum,,,,,,,,,
Eriophyllum,,,,,,,,,
Pleuraphis,,,,,,,,,
Pennisetum,,,,,,,,,
Stylocline gnaphalioides,,,,,,,,,
Asclepias subulata,,,,,,,,,
Hedypnois cretica,,,,,,,,,
Phacelia crenulata var. ambigua (M. E. Jones) J. F. Macbr.,,,,,,,,,
Medicago hispida,,,,,,,,,
Lolium perenne,,,,,,,,,
Spermolepis echinata,,,,,,,,,
Petalonyx thurberi,,,,,,,,,
Bromus carinatus,,,,,,,,,
Linanthus dichotomus,,,,,,,,,
Artemisia filifolia,,,,,,,,,
Mentzelia lindleyi,,,,,,,,,
Mentzelia,,,,,,,,,
Emmenanthe penduliflora,,,,,,,,,
Iris,,,,,,,,,
Calibrachoa parviflora,,,,,,,,,
Dalea neomexicana,,,,,,,,,
Lepidium integrifolium,,,,,,,,,
Digitaria sanguinalis,,,,,,,,,
Physalis angulata var. lanceifolia (Nees) Water.,,,,,,,,,
Tidestromia lanuginosa,,,,,,,,,
Brassicaceae,,,,,,,,,
Juncus bufonius,,,,,,,,,
Euphorbia ophthalmica,,,,,,,,,
Castela emoryi,,,,,,,,,
Tagetes patula,,,,,,,,,
Hibiscus grandiflorus,,,,,,,,,
Wisteria sinensis,,,,,,,,,
Chamaesyce capitellata,,,,,,,,,
Cressa truxilensis,,,,,,,,,
Euphorbia eriantha,,,,,,,,,
Ulmus parvifolia,,,,,,,,,
Stylocline,,,,,,,,,
Typha,,,,,,,,,
Plagiobothrys pringlei,,,,,,,,,
Ambrosia artemisiifolia,,,,,,,,,
Helianthus,,,,,,,,,
Lycium,,,,,,,,,
Hordeum murinum ssp. glaucum (Steud.) Tzvelev,,,,,,,,,
Nama demissum,,,,,,,,,
Quincula lobata,,,,,,,,,
Calycoseris wrightii,,,,,,,,,
Dianthus,,,,,,,,,
Petunia x hybrida,,,,,,,,,
Verbena,,,,,,,,,
Pectis cylindrica,,,,,,,,,
Lasthenia,,,,,,,,,
Minuartia,,,,,,,,,
Porophyllum gracile,,,,,,,,,
Tropaeolum majus,,,,,,,,,
Sarcostemma,,,,,,,,,
Mentzelia jonesii,,,,,,,,,
Phalaris,,,,,,,,,
Aizoaceae,,,,,,,,,
Bellis perennis,,,,,,,,,
Amaranthus palmeri,,,,,,,,,
Lycianthes rantonnetii,,,,,,,,,
Avena sativa,,,,,,,,,
Cryptobiotic Crust,,,,,,,,,
Lavandula,,,,,,,,,
Sorghum bicolor,,,,,,,,,
Nymphaea,,,,,,,,,
Dyssodia porophylloides,,,,,,,,,
Vitex agnus-castus,,,,,,,,,
Monolepis,,,,,,,,,
Cactaceae,,,,,,,,,
Atriplex wrightii,,,,,,,,,
Brasicaceae,,,,,,,,,
Lythrum californicum,,,,,,,,,
Triodanis perfoliata var. perfoliata,,,,,,,,,
Coleus scutellarioides,,,,,,,,,
Hymenoclea,,,,,,,,,
Chamaesyce arizonica,,,,,,,,,
Dudleya,,,,,,,,,
Chamaesyce abramsiana,,,,,,,,,
Linaria maroccana,,,,,,,,,
Nicotiana trigonophylla,,,,,,,,,
Artemisia,,,,,,,,,
Amaranthus hybridus,,,,,,,,,
Catharanthus roseus,,,,,,,,,
Jacaranda,,,,,,,,,
Canna x,,,,,,,,,
Phoradendron californicum,,,,,,,,,
Chaenactis,,,,,,,,,
Trianthema portulacastrum,,,,,,,,,
Anemone tuberosa,,,,,,,,,
Sarcostemma cynanchoides,,,,,,,,,
Ocimum basilicum,,,,,,,,,
Alternanthera caracasana,,,,,,,,,
Senecio lemmonii,,,,,,,,,
Physaria tenella,,,,,,,,,
Phyla nodiflora,,,,,,,,,
Liliaceae,,,,,,,,,
Parkinsonia,,,,,,,,,
Thuja occidentalis,,,,,,,,,
Tagetes,,,,,,,,,
Coriandrum sativum,,,,,,,,,
Rosmarinus,,,,,,,,,
Descurainia sophia,,,,,,,,,
Chrysanthemum,,,,,,,,,
Nuttallanthus texanus,,,,,,,,,
Petunia parviflora,,,,,,,,,
Caulanthus,,,,,,,,,
Paspalum dilatatum,,,,,,,,,
Hilaria mutica,,,,,,,,,
Punica,,,,,,,,,
Salsola kali,,,,,,,,,
Fouquieria,,,,,,,,,
Calendula officinalis,,,,,,,,,
Sisymbrium,,,,,,,,,
Oenothera primiveris,,,,,,,,,
Leucophyllum,,,,,,,,,
Tripleurospermum perforatum,,,,,,,,,
Bouteloua,,,,,,,,,
Dichondra repens,,,,,,,,,
Chenopodium leptophyllum,,,,,,,,,
Camissonia micrantha,,,,,,,,,
Mentzelia albicaulis,,,,,,,,,
Ulmus pumila,,,,,,,,,
Porophyllum,,,,,,,,,
Cirsium,,,,,,,,,
Oenothera speciosa,,,,,,,,,
Stephanomeria,,,,,,,,,
Malvaceae,,,,,,,,,
Heliotropium curassavicum,,,,,,,,,
Acacia,,,,,,,,,
Pelargonium,,,,,,,,,
Portulaca halimoides,,,,,,,,,
Leptochloa dubia,,,,,,,,,
Phalaris canariensis,,,,,,,,,
Carpobrotus,,,,,,,,,
Onagraceae,,,,,,,,,
Prosopis chilensis,,,,,,,,,
Mentzelia pumila,,,,,,,,,
Rumex dentatus,,,,,,,,,
Apium leptophyllum,,,,,,,,,
Lobelia erinus,,,,,,,,,
Datura wrightii,,,,,,,,,
Draba brachycarpa,,,,,,,,,
Pinus canariensis,,,,,,,,,
Cucurbitaceae,,,,,,,,,
Erigeron divergens,,,,,,,,,
Atriplex canescens,,,,,,,,,
Salvia farinacea,,,,,,,,,
Origanum vulgare,,,,,,,,,
Lepidium densiflorum,,,,,,,,,
Neptunia,,,,,,,,,
Thymophylla acerosa,,,,,,,,,
Astragalus tephrodes,,,,,,,,,
Matricaria,,,,,,,,,
Greeneocharis circumscissa,,,,,,,,,
Euphorbia polycarpa,,,,,,,,,
Muhlenbergia,,,,,,,,,
Logfia arizonica,,,,,,,,,
Nemacladus glanduliferus var. orientalis McVaugh,,,,,,,,,
Caesalpinia gilliesii,,,,,,,,,
Salvia greggii,,,,,,,,,
Isocoma tenuisecta,,,,,,,,,
Senecio,,,,,,,,,
Leucanthemum paludosum,,,,,,,,,
Evax multicaulis,,,,,,,,,
Petunia,,,,,,,,,
Oenothera,,,,,,,,,
Ditaxis lanceolata,,,,,,,,,
Amaranthus fimbriatus,,,,,,,,,
Erodium,,,,,,,,,
Mirabilis,,,,,,,,,
Ambrosia,,,,,,,,,
Lolium temulentum,,,,,,,,,
Hordeum murinum ssp. glaucum,,,,,,,,,
Aristida ternipes,,,,,,,,,
Washingtonia,,,,,,,,,
Verbena rigida,,,,,,,,,
Arecastrum,,,,,,,,,
Pterostegia drymarioides,,,,,,,,,
Notholaena californica,,,,,,,,,
Bryophyta,,,,,,,,,
Asparagus,,,,,,,,,
Veronica,,,,,,,,,
Pleuraphis mutica,,,,,,,,,
Coreopsis,,,,,,,,,
Penstemon subulatus,,,,,,,,,
Viguiera deltoidea var. parishii (Greene) Vasey & Rose,,,,,,,,,
Geranium,,,,,,,,,
Gazania,,,,,,,,,
Ambrosia confertiflora,,,,,,,,,
Pittosporum,,,,,,,,,
Ranunculaceae,,,,,,,,,
Linum,,,,,,,,,
Vinca major,,,,,,,,,
Chrysanthemum maximum,,,,,,,,,
Canna x generalis,,,,,,,,,
Vitex,,,,,,,,,
Beta vulgaris,,,,,,,,,
Ranunculus asiaticus,,,,,,,,,
Ziziphus,,,,,,,,,
Selaginella,,,,,,,,,
Sisymbrium orientale,,,,,,,,,
Monocotyledoneae,,,,,,,,,
Gossypium hirsutum,,,,,,,,,
Machaeranthera,,,,,,,,,
Asclepias,,,,,,,,,
Tagetes erecta,,,,,,,,,
Sansevieria,,,,,,,,,
Stachys coccinea,,,,,,,,,
Lathyrus odoratus,,,,,,,,,
Agave weberi,,,,,,,,,
Phacelia ramosissima,,,,,,,,,
Araceae,,,,,,,,,
Leucophyllum frutescens,,,,,,,,,
Ipomoea x leucantha,,,,,,,,,
Lasthenia chrysostoma,,,,,,,,,
Dimorphotheca,,,,,,,,,
Consolida ajacis,,,,,,,,,
Dimorphocarpa wislizeni,,,,,,,,,
Pistacia lentiscus,,,,,,,,,
Horsfordia newberryi,,,,,,,,,
Agapanthus,,,,,,,,,
Chamaerops,,,,,,,,,
Cosmos,,,,,,,,,
Dalea greggii,,,,,,,,,
Papaver orientale,,,,,,,,,
Physalis,,,,,,,,,
Heterotheca subaxillaris,,,,,,,,,
Leptochloa,,,,,,,,,
Janusia,,,,,,,,,
Petunia x atkinsiana,,,,,,,,,
Machaeranthera pinnatifida,,,,,,,,,
Ceratostigma plumbaginoides,,,,,,,,,
Ruellia brittoniana,,,,,,,,,
Solanum lycopersicum,,,,,,,,,
Convolvulus,,,,,,,,,
Descurainia,,,,,,,,,
Nyctaginaceae,,,,,,,,,
Loeseliastrum schottii,,,,,,,,,
Rumex hymenosepalus,,,,,,,,,
Pisum sativum,,,,,,,,,
Sporobolus,,,,,,,,,
Sinapis arvensis,,,,,,,,,
Silybum marianum,,,,,,,,,
Convolvulus mauritanicus,,,,,,,,,
Petroselinum crispum,,,,,,,,,
Crassula erecta,,,,,,,,,
Salvia,,,,,,,,,
Pteridaceae,,,,,,,,,
Tamarix chinensis,,,,,,,,,
Galium,,,,,,,,,
Palafoxia arida,,,,,,,,,
Spinacia oleracea,,,,,,,,,
Helianthus annuus Sungold,,,,,,,,,
Hordeum vulgare,,,,,,,,,
Phalaris caroliniana,,,,,,,,,
Myrtus communis Boetica,,,,,,,,,
Plantago lanceolata,,,,,,,,,
Hoffmannseggia,,,,,,,,,
Acacia farnesiana,,,,,,,,,
Leptochloa panicea,,,,,,,,,
Carpobrotus edulis,,,,,,,,,
Senna artemisioides ssp. artemisioides,,,,,,,,,
Eschscholzia minutiflora,,,,,,,,,
Bromus diandrus,,,,,,,,,
Passiflora,,,,,,,,,
Linum usitatissimum,,,,,,,,,
Ayenia,,,,,,,,,
Petroselinum,,,,,,,,,
Lesquerella,,,,,,,,,
Camissonia confusa,,,,,,,,,
Musa acuminata,,,,,,,,,
Cleome lutea var. jonesii J.F. Macbr.,,,,,,,,,
Solanum melongena,,,,,,,,,
Oxalis pes-caprae,,,,,,,,,
Brassica juncea,,,,,,,,,
Lolium multiflorum,,,,,,,,,
Lamiaceae,,,,,,,,,
Mentzelia affinis,,,,,,,,,
Matthiola longipetala,,,,,,,,,
Gnaphalium,,,,,,,,,
Leptosiphon chrysanthus,,,,,,,,,
Bouteloua aristidoides,,,,,,,,,
Erigeron bonariensis,,,,,,,,,
Yucca pendula,,,,,,,,,
Hardenbergia violacea,,,,,,,,,
Glandularia,,,,,,,,,
Sorghum,,,,,,,,,
Persicaria lapathifolia,,,,,,,,,
Stellaria,,,,,,,,,
Hyptis emoryi,,,,,,,,,
Vinca,,,,,,,,,
Brickellia,,,,,,,,,
Aloe saponaria,,,,,,,,,
Fragaria,,,,,,,,,
Euphorbia maculata,,,,,,,,,
Tridens muticus,,,,,,,,,
Nerium oleander,,,,,,,,,
Yucca,,,,,,,,,
Ambrosia deltoidea,,,,,,,,,
Larrea tridentata,,,,,,,,,
Cylindropuntia,,,,,,,,,
Cylindropuntia arbuscula,,,,,,,,,
Echinocereus engelmannii,,,,,,,,,
Ephedra,,,,,,,,,
Eriogonum fasciculatum,,,,,,,,,
Krameria grayi,,,,,,,,,
Simmondsia chinensis,,,,,,,,,
Rosa,,,,,,,,,
Bougainvillea spectabilis,,,,,,,,,
Cassia,,,,,,,,,
Encelia farinosa,,,,,,,,,
Ferocactus cylindraceus,,,,,,,,,
Mammillaria,,,,,,,,,
Opuntia,,,,,,,,,
Aloe,,,,,,,,,
Stenocereus thurberi,,,,,,,,,
Carissa grandiflora,,,,,,,,,
Nandina domestica,,,,,,,,,
Pittosporum tobira,,,,,,,,,
Raphiolepis,,,,,,,,,
Cylindropuntia acanthocarpa,,,,,,,,,
Cylindropuntia bigelovii,,,,,,,,,
Cylindropuntia fulgida,,,,,,,,,
Fouquieria splendens,,,,,,,,,
Justicia,,,,,,,,,
Mammillaria microcarpa,,,,,,,,,
Trixis californica,,,,,,,,,
Asparagus setaceus,,,,,,,,,
Hibiscus rosa-sinensis,,,,,,,,,
Caesalpinia pulcherrima,,,,,,,,,
Caesalpinia,,,,,,,,,
Cuphea,,,,,,,,,
Euryops viridis,,,,,,,,,
Macfadyena unguis-cati,,,,,,,,,
Rosmarinus officinalis,,,,,,,,,
Cylindropuntia leptocaulis,,,,,,,,,
Ericameria laricifolia,,,,,,,,,
Viguiera deltoidea,,,,,,,,,
Acacia greggii,,,,,,,,,
Calliandra eriophylla,,,,,,,,,
Celtis pallida,,,,,,,,,
Bebbia juncea,,,,,,,,,
Opuntia engelmannii,,,,,,,,,
Thevetia peruviana,,,,,,,,,
Baccharis,,,,,,,,,
Pyracantha,,,,,,,,,
Aloe vera,,,,,,,,,
Bignoniaceae,,,,,,,,,
Buxus,,,,,,,,,
Euryops,,,,,,,,,
Hemerocallis,,,,,,,,,
Gardenia,,,,,,,,,
Ligustrum japonicum,,,,,,,,,
Rhus trilobata,,,,,,,,,
Haplopappus,,,,,,,,,
Ambrosia ambrosioides,,,,,,,,,
Rosa cathayensis,,,,,,,,,
Isocoma acradenia,,,,,,,,,
Caesalpinia mexicana,,,,,,,,,
Camellia,,,,,,,,,
Juniperus,,,,,,,,,
Myoporum,,,,,,,,,
Ruellia californica,,,,,,,,,
Tecoma capensis,,,,,,,,,
Holacantha emoryi,,,,,,,,,
Justicia californica,,,,,,,,,
Bupleurum subovatum,,,,,,,,,
Hymenoclea salsola,,,,,,,,,
Lotus rigidus,,,,,,,,,
Suaeda torreyana,,,,,,,,,
Ambrosia dumosa,,,,,,,,,
Sarcobatus vermiculatus,,,,,,,,,
Acacia constricta,,,,,,,,,
Ziziphus obtusifolia,,,,,,,,,
Galium stellatum,,,,,,,,,
Gutierrezia sarothrae,,,,,,,,,
Salazaria mexicana,,,,,,,,,
Isocoma,,,,,,,,,
Isomeris,,,,,,,,,
Nicotiana,,,,,,,,,
Yucca brevifolia,,,,,,,,,
Photinia,,,,,,,,,
Asparagus densiflorus,,,,,,,,,
Buxus sempervirens,,,,,,,,,
Echeveria,,,,,,,,,
Portulacaria afra,,,,,,,,,
Sapium,,,,,,,,,
Echinocactus grusonii,,,,,,,,,
Hesperaloe,,,,,,,,,
Gymnosperma glutinosum,,,,,,,,,
Senna artemisioides,,,,,,,,,
Bougainvillea,,,,,,,,,
Dasylirion wheeleri,,,,,,,,,
Echinocactus,,,,,,,,,
Lantana camara,,,,,,,,,
Solanum jasminoides,,,,,,,,,
Tecomaria capensis,,,,,,,,,
Agave,,,,,,,,,
Calliandra,,,,,,,,,
Cereus peruvianus,,,,,,,,,
Cupressus,,,,,,,,,
Opuntia basilaris,,,,,,,,,
Opuntia microdasys,,,,,,,,,
Ficus,,,,,,,,,
Punica granatum,,,,,,,,,
Ferocactus wislizeni,,,,,,,,,
Prunus,,,,,,,,,
Myrtus communis,,,,,,,,,
Pistacia,,,,,,,,,
Callistemon,,,,,,,,,
Ficus microcarpa,,,,,,,,,
Lonicera japonica,,,,,,,,,
Plumbago auriculata,,,,,,,,,
Ruellia,,,,,,,,,
Cordia parvifolia,,,,,,,,,
Euonymus,,,,,,,,,
Ligustrum,,,,,,,,,
Evolvulus,,,,,,,,,
Hymenoxys acaulis,,,,,,,,,
Jasminum,,,,,,,,,
Bernardia incana,,,,,,,,,
Echinocereus,,,,,,,,,
Gardenia angusta,,,,,,,,,
Dodonaea viscosa,,,,,,,,,
Eliryops verdis,,,,,,,,,
Raphiolepis indica,,,,,,,,,
Rosa banksiae,,,,,,,,,
Nolina,,,,,,,,,
Opuntia ficus-indica,,,,,,,,,
Vauquelinia californica,,,,,,,,,
Acacia redolens,,,,,,,,,
Achillea tomentosa,,,,,,,,,
Antigonon leptopus,,,,,,,,,
Calliandra californica,,,,,,,,,
Campsis,,,,,,,,,
Canotia,,,,,,,,,
Cordia,,,,,,,,,
Ficus pumila,,,,,,,,,
Gelsemium,,,,,,,,,
Hedera,,,,,,,,,
Portulacaria,,,,,,,,,
Sedum,,,,,,,,,
Opuntia santa-rita,,,,,,,,,
Strelitzia,,,,,,,,,
Cassia artemisioides,,,,,,,,,
Cereus schottii,,,,,,,,,
Dalea greggi,,,,,,,,,
Adenophyllum,,,,,,,,,
Menodora,,,,,,,,,
Photinia serrulata,,,,,,,,,
Lysiloma,,,,,,,,,
Peniocereus greggii,,,,,,,,,
Pilosocereus,,,,,,,,,
Trachelospermum jasminoides,,,,,,,,,
Calandrinia,,,,,,,,,
Krameria,,,,,,,,,
cf. Brickellia coulteri,,,,,,,,,
Crossosoma bigelovii,,,,,,,,,
Mammillaria grahamii,,,,,,,,,
Convolvulus cneorum,,,,,,,,,
Hesperaloe parviflora,,,,,,,,,
cf. Baccharis sarothroides,,,,,,,,,
Melaleuca viminalis,,,,,,,,,
Tecoma stans,,,,,,,,,
Sphaeralcea cf. ambigua,,,,,,,,,
Viguiera parishii,,,,,,,,,
Ephedra torreyana,,,,,,,,,
Sphaeralcea cf. emoryi,,,,,,,,,
Ferocactus,,,,,,,,,
Opuntia cf. phaeacantha,,,,,,,,,
Aptenia cordifolia,,,,,,,,,
Buxus microphylla,,,,,,,,,
Canna,,,,,,,,,
Senna phyllodinea,,,,,,,,,
Ericameria,,,,,,,,,
Krameria cf. grayi,,,,,,,,,
Marah gilensis,,,,,,,,,
Juniperus cf. chinensis,,,,,,,,,
Menodora scabra,,,,,,,,,
Cupressaceae,,,,,,,,,
Eremophila,,,,,,,,,
Agave vilmoriniana,,,,,,,,,
Echinocereus engelmannii var. acicularis L. D. Benson,,,,,,,,,
Yucca cf. elata,,,,,,,,,
Phoradendron,,,,,,,,,
cf. Carpobrotus chilensis,,,,,,,,,
cf. Carpobrotus edulis,,,,,,,,,
Opuntia cf. santa-rita,,,,,,,,,
Senna,,,,,,,,,
cf. Nicotiana glauca,,,,,,,,,
Petalonyx,,,,,,,,,
Acacia wrightii,,,,,,,,,
Ephedra trifurca,,,,,,,,,
Krameria parvifolia,,,,,,,,,
Fagonia laevis,,,,,,,,,
Dudleya pulverulenta,,,,,,,,,
Ziziphus cf. obtusifolia,,,,,,,,,
Hibiscus denudatus,,,,,,,,,
Herissantia crispa,,,,,,,,,
Notocactus,,,,,,,,,
Tecomaria,,,,,,,,,
Trixis,,,,,,,,,
Stephanomeria cf. pauciflora,,,,,,,,,
Syringa,,,,,,,,,
Agave multifilifera,,,,,,,,,
Cereus peruvianus Monstrosus,,,,,,,,,
Pachycereus marginatus,,,,,,,,,
cf. Asparagus,,,,,,,,,
cf. Stenocereus,,,,,,,,,
Solanum rantonettii,,,,,,,,,
Olea,,,,,,,,,
Agave murpheyi,,,,,,,,,
Pistacia cf. lentiscus,,,,,,,,,
Lycopersicon esculentum,,,,,,,,,
Rosa cf. banksiae,,,,,,,,,
Ligustrum cf. japonicum,,,,,,,,,
Pyracantha koidzumii,,,,,,,,,
Echinopsis,,,,,,,,,
Stenocereus,,,,,,,,,
Lycium andersonii,,,,,,,,,
Euryops pectinatus,,,,,,,,,
Pelargonium hortorum,,,,,,,,,
Echinocactus cf. emoryi,,,,,,,,,
Fouquieria columnaris,,,,,,,,,
Hibiscus rosa-chinensis,,,,,,,,,
Lantana horrida,,,,,,,,,
Narcissus,,,,,,,,,
Pachycereus schottii,,,,,,,,,
Baccharis sergiloides,,,,,,,,,
Caladium bicolor,,,,,,,,,
Euonymus japonicus,,,,,,,,,
Opuntia acanthocarpa,,,,,,,,,
Ephedra aspera,,,,,,,,,
Cylindropuntia cf. fulgida,,,,,,,,,
Cylindropuntia acanthocarpa var. major (Engelm.) Pinkava,,,,,,,,,
cf. Cereus peruvianus,,,,,,,,,
Tetraneuris acaulis,,,,,,,,,
Arctotis stoechadifolia,,,,,,,,,
Bellis,,,,,,,,,
Sutera cordata,,,,,,,,,
Lycium berlandieri,,,,,,,,,
Lycium exsertum,,,,,,,,,
Berberis,,,,,,,,,
Cereus,,,,,,,,,
Jasminum mesneyi,,,,,,,,,
Rhaphiolepis x delacourii,,,,,,,,,
Yucca elata,,,,,,,,,
Cylindropuntia cf. leptocaulis,,,,,,,,,
Lycium fremontii,,,,,,,,,
Yucca gloriosa,,,,,,,,,
Leucophyllum laevigatum,,,,,,,,,
Lantana cf. camara,,,,,,,,,
cf. Ferocactus,,,,,,,,,
Aloysia,,,,,,,,,
Asparagus cf. officinalis,,,,,,,,,
cf. Echinopsis,,,,,,,,,
Opuntia basilaris var. basilaris,,,,,,,,,
Platycladus,,,,,,,,,
Sanservieria trifasciata,,,,,,,,,
Tephrocactus articulatus,,,,,,,,,
Yucca cf. pendula,,,,,,,,,
Senna corymbosa,,,,,,,,,
Cylindropuntia cf. acanthocarpa,,,,,,,,,
Lycium cf. fremontii,,,,,,,,,
Opuntia phaeacantha,,,,,,,,,
Ferocactus cf. cylindraceus,,,,,,,,,
Photinia serratifolia,,,,,,,,,
Pittosporum tobira Variegata,,,,,,,,,
Gaillardia,,,,,,,,,
Lonicera,,,,,,,,,
Lycium cf. berlandieri,,,,,,,,,
Chamaerops humilis,,,,,,,,,
Pachypodium,,,,,,,,,
Phoenix,,,,,,,,,
Pyracantha crenatoserrata,,,,,,,,,
cf. Lantana,,,,,,,,,
Gardenia jasminoides,,,,,,,,,
Euphorbia pulcherrima,,,,,,,,,
Philodendron,,,,,,,,,
Rubiaceae,,,,,,,,,
Dasylirion,,,,,,,,,
Datura cf. wrightii,,,,,,,,,
Yucca rostrata,,,,,,,,,
Abutilon palmeri,,,,,,,,,
Stachys,,,,,,,,,
Agave angustifolia,,,,,,,,,
cf. Convolvulus arvensis,,,,,,,,,
Hedera helix,,,,,,,,,
Wisteria,,,,,,,,,
Syagrus romanzoffianum,,,,,,,,,
Callistemon viminalis 'Little John',,,,,,,,,
Phoenix roebelenii,,,,,,,,,
Washingtonia filifera,,,,,,,,,
Agave americana,,,,,,,,,
Ricinus communis,,,,,,,,,
Duranta erecta,,,,,,,,,
Pandorea jasminoides,,,,,,,,,
Carissa grandiflora 'dwarf',,,,,,,,,
Setcreasea pallida,,,,,,,,,
Cycas revoluta,,,,,,,,,
Platycladus orientalis,,,,,,,,,
Washingtonia robusta,,,,,,,,,
Ayenia filiformis,,,,,,,,,
Eremophila maculata,,,,,,,,,
Agave geminiflora,,,,,,,,,
Agave victoria-reginae,,,,,,,,,
Crassulaceae,,,,,,,,,
Justicia spicigera,,,,,,,,,
Lycium cf. exsertum,,,,,,,,,
Lantana montevidensis,,,,,,,,,
Nolina microcarpa,,,,,,,,,
Ruellia brittoniana 'Katie',,,,,,,,,
Ruellia brittoniana 'Katie pink',,,,,,,,,
Vulpia,,,,,,,,,
Malephora lutea,,,,,,,,,
Atriplex confertifolia,,,,,,,,,
Prosopis,,,,,,,,,
Achnatherum speciosum,,,,,,,,,
Dudleya arizonica,,,,,,,,,
Pachycereus,,,,,,,,,
Allium sativum,,,,,,,,,
Chamaecereus sylvestri,,,,,,,,,
Hyacinthus,,,,,,,,,
Phlox,,,,,,,,,
Euphorbia tirucalli,,,,,,,,,
Senna artemisioides ssp. Petiolaris,,,,,,,,,
Leucophyllum pruinosum,,,,,,,,,
Cupressus sempervirens,,,,,,,,,
Ficus microcarpa nitida,,,,,,,,,
Lycium cf. andersonii,,,,,,,,,
Strelitzia reginae,,,,,,,,,
Tecoma stans 'orange bells',,,,,,,,,
Salvia leucantha,,,,,,,,,
Muhlenbergia capillaris,,,,,,,,,
Muhlenbergia rigens,,,,,,,,,
Senna artemisioides ssp. sturtii (R. Br.) Randall,,,,,,,,,
Bursera microphylla,,,,,,,,,
Bougainvillea spectabilis Glow Torch,,,,,,,,,
Leucophyllum zygophyllum,,,,,,,,,
Beaucarnea recurvata,,,,,,,,,
Brahea edulis,,,,,,,,,
Agave macroacantha,,,,,,,,,
Aloysia wrightii,,,,,,,,,
Ananas comosus,,,,,,,,,
Cylindropuntia ramosissima,,,,,,,,,
Datura,,,,,,,,,
Lophocereus schottii 'monstrose',,,,,,,,,
Parthenocissus quinquefolia,,,,,,,,,
Yucca aloifolia,,,,,,,,,
Yucca recurvifolia,,,,,,,,,
Leucophyllum frutescens White Cloud,,,,,,,,,
Mentha,,,,,,,,,
Strelitzia nicolai,,,,,,,,,
Campsis radicans,,,,,,,,,
Tecoma alata,,,,,,,,,
Nicotiana glauca,,,,,,,,,
Yucca baccata,,,,,,,,,
Citrus,,,,,,,,,
Jasminum sambac,,,,,,,,,
Monstera deliciosa,,,,,,,,,
Pinus,,,,,,,,,
Zantedeschia aethiopica,,,,,,,,,
Parkinsonia florida,,,,,,,,,
Grevillea robusta,,,,,,,,,
Parkinsonia microphylla,,,,,,,,,
Tradescantia pallida,,,,,,,,,
Acacia stenophylla,,,,,,,,,
Acacia salicina,,,,,,,,,
Plumeria ,,,,,,,,,
Brachychiton populneus,,,,,,,,,
Callistemon viminalis,,,,,,,,,
Dalbergia sissoo,,,,,,,,,
Olneya tesota,,,,,,,,,
Parkinsonia aculeata,,,,,,,,,
Chilopsis linearis,,,,,,,,,
Lophocereus schottii,,,,,,,,,
Parkinsonia praecox,,,,,,,,,
Hedera canariensis,,,,,,,,,
Chlorophytum comosum,,,,,,,,,
Ligustrum ovalifolium,,,,,,,,,
Wedelia trilobata,,,,,,,,,
Quercus virginiana,,,,,,,,,
Tagetes lemmonii,,,,,,,,,
Freesia,,,,,,,,,
Pachycereus pringlei,,,,,,,,,
Hamelia patens,,,,,,,,,
Bauhinia variegata,,,,,,,,,
Schinus terebenthifolius,,,,,,,,,
Leucaena leucocephala,,,,,,,,,
Malvastrum coromandelianum,,,,,,,,,
Carnegiea gigantea,,,,,,,,,
Citrus trifoliata,,,,,,,,,
Lysiloma watsonii,,,,,,,,,
Sphagneticola trilobata,,,,,,,,,
Dasylirion longissimum,,,,,,,,,
Dietes bicolor,,,,,,,,,
Russelia equisetiformis,,,,,,,,,
Zauschneria californica ssp. latifolia (Hook.) Keck,,,,,,,,,
Ficus carica,,,,,,,,,
Bryophyllum daigremontianum,,,,,,,,,
Chrysactinia mexicana,,,,,,,,,
Olea europaea,,,,,,,,,
Acacia saligna,,,,,,,,,
Encelia,,,,,,,,,
Matelea,,,,,,,,,
Fraxinus,,,,,,,,,
Matelea producta,,,,,,,,,
Aristolochia watsonii,,,,,,,,,
Stetsonia coryne,,,,,,,,,
Tecoma,,,,,,,,,
Tetraneuris scaposa,,,,,,,,,
Gasteria,,,,,,,,,
Kalanchoe orgyalis,,,,,,,,,
Saccharum officinarum,,,,,,,,,
Podranea ricasoliana,,,,,,,,,
Citrus sinensis,,,,,,,,,
Dalbergia,,,,,,,,,
Pinus halepensis,,,,,,,,,
Arecastrum romanzoffianum,,,,,,,,,
Eucalyptus,,,,,,,,,
Brachychiton,,,,,,,,,
Juniperus coahuilensis,,,,,,,,,
Pinus eldarica,,,,,,,,,
Schinus,,,,,,,,,
Populus fremontii,,,,,,,,,
Melia azedarach,,,,,,,,,
Schinus molle,,,,,,,,,
Cycas,,,,,,,,,
Populus,,,,,,,,,
Salix,,,,,,,,,
Mimosa,,,,,,,,,
Tamarix aphylla,,,,,,,,,
Cercidium praecox,,,,,,,,,
Phoenix canariensis,,,,,,,,,
Thuja orientalis,,,,,,,,,
Pistacia vera,,,,,,,,,
Carya illinoinensis,,,,,,,,,
Acacia smallii,,,,,,,,,
Bauhinia variegata Candida,,,,,,,,,
Ailanthus altissima,,,,,,,,,
Xylosma,,,,,,,,,
Citrus limon,,,,,,,,,
Pithecellobium,,,,,,,,,
Thevetia,,,,,,,,,
Mimosa biuncifera,,,,,,,,,
Ficus benjamina,,,,,,,,,
Phoenix dactylifera,,,,,,,,,
Malus sylvestris,,,,,,,,,
Prunus armeniaca,,,,,,,,,
Fraxinus uhdei,,,,,,,,,
Fraxinus velutina,,,,,,,,,
Prosopis juliflora var. velutina (Woot.) Sarg.,,,,,,,,,
cf. Ulmus parvifolia,,,,,,,,,
Jacaranda mimosifolia,,,,,,,,,
Citrus x paradisi,,,,,,,,,
Musa,,,,,,,,,
Prosopis cf. chilensis,,,,,,,,,
Ficus elastica,,,,,,,,,
Parkinsonia cf. praecox,,,,,,,,,
Citrus sinensis Washington,,,,,,,,,
Citrus aurantifolia,,,,,,,,,
Ficus nitida,,,,,,,,,
Cupressus cf. sempervirens,,,,,,,,,
Psidium guajava,,,,,,,,,
Ailanthus,,,,,,,,,
Thuja,,,,,,,,,
Pinus cf. canariensis,,,,,,,,,
Platanus wrightii,,,,,,,,,
Pithecellobium flexicaule,,,,,,,,,
Eucalyptus polyanthemos,,,,,,,,,
Washingtonia robusta x filifera,,,,,,,,,
Parkinsonia cf. aculeata,,,,,,,,,
Albizia julibrissin,,,,,,,,,
Ulmus cf. pumila,,,,,,,,,
Prosopis cf. juliflora,,,,,,,,,
cf. Phoenix dactylifera,,,,,,,,,
Acacia willardiana,,,,,,,,,
Citrus limon Lemon,,,,,,,,,
Pyrus kawakamii,,,,,,,,,
Parkinsonia hybrid,,,,,,,,,
Eucalyptus microtheca,,,,,,,,,
Prosopis glandulosa,,,,,,,,,
Tipuana tipu,,,,,,,,,
Quercus,,,,,,,,,
Acacia aneura,,,,,,,,,
Prunus persica,,,,,,,,,
Picea,,,,,,,,,
Catalpa bignonioides,,,,,,,,,
Broussonetia papyrifera,,,,,,,,,
Celtis,,,,,,,,,
Morus,,,,,,,,,
Caesalpinia cacalaco,,,,,,,,,
Prunus cerasifera,,,,,,,,,
Plumeria rubra,,,,,,,,,
Ziziphus jujuba,,,,,,,,,
Quercus polymorpha,,,,,,,,,
Pyrus calleryana,,,,,,,,,
Moringa oleifera,,,,,,,,,
Tamarix,,,,,,,,,
Crocus,,,,,,,,,
Carissa,,,,,,,,,
Myrtus,,,,,,,,,
Ephedra fasciculata,,,,,,,,,
Nerium oleander Petite Pink,,,,,,,,,
Cercidium,,,,,,,,,
Bernardia,,,,,,,,,
Melia,,,,,,,,,
Dyssodia,,,,,,,,,
Euphorbia albomarginata,,,,,,,,,
Dalea formosa,,,,,,,,,
Hyptis,,,,,,,,,
Viguiera,,,,,,,,,
Abutilon,,,,,,,,,
Simmondsia,,,,,,,,,
Lantana 'Carnival',,,,,,,,,
Lantana 'radiation',,,,,,,,,
Eriogonum wrightii,,,,,,,,,
Peniocereus,,,,,,,,,
Tecoma stans var. angustatum Rehd.,,,,,,,,,
Trachycarpus fortunei,,,,,,,,,
Cylindropuntia bigelovii var. bigelovii,,,,,,,,,
Campis radicans,,,,,,,,,
Pennisetum setaceum Cupreum,,,,,,,,,
Lampranthus,,,,,,,,,
Acamptopappus sphaerocephalus,,,,,,,,,
Gladiolus,,,,,,,,,
Opuntia engelmannii var. linguiformis (Griffiths) Parfitt & Pinkava,,,,,,,,,
Platanus racemosa,,,,,,,,,
Pyracantha fortuneana,,,,,,,,,
Xylosma congestum,,,,,,,,,
Citrus aurantianum,,,,,,,,,
